Indicators,Type,Description
C:\Users\%USERNAME%\AppData\Local\Programs\Python\Python311\Scripts\crackmapexec.exe,Executable Path,CrackMapExec
C:\Users\%USERNAME%\AppData\Local\Programs\Python\Python311\Scripts\kerbrute.exe,Executable Path,Kerberoasting
C:\Users\%USERNAME%\Downloads\Anydesk.exe,Executable Path,Anydesk C2
C:\Users\%USERNAME%\Desktop\IamBatMan.exe,Executable Path,Ransomware
C:\Users\backupexec\Desktop\stealer_cli_v2.exe,Executable Path,Info Stealer
C:\Users\%USERNAME%\Downloads\nmap-7.94-setup.exe,Executable Path,Nmap
C:\Program Files (x86)\Nmap\nmap.exe,Executable Path,Nmap
C:\Users\%USERNAME%\Downloads\mimikatz_trunk\x64\mimikatz.exe,Executable Path,Mimikatz
C:\Users\backupexec\Downloads\x64\mimikatz.exe,Executable Path,Mimikatz
bcdb721d5be41a9d61bee20a458ae748e023238f,SHA-1 Hash,EDRKILLSHIFTER Binary
2d3a95e91449a366ccf56177a4542cc439635768,SHA-1 Hash,EDRKILLSHIFTER Binary
77daf77d9d2a08cc22981c004689b870f74544b5,SHA-1 Hash,EDRKILLSHIFTER Binary
6764ddb2e5b18bf5d0c621f3078d7ac72865c1c3,SHA-1 Hash,EDRKILLSHIFTER Binary
86cdb729094c013e411ac9b4c72485a55a629e5d,SHA-1 Hash,EDRKILLSHIFTER Binary
2e89cf3267c8724002c3c89be90874a22812efc6,SHA-1 Hash,EDRKILLSHIFTER Binary
3b035da6c69f9b05868ffe55d7a267d098c6f290,SHA-1 Hash,TDSSKILLER Binary
hxxp://82.147.85[.]52/Loader.exe,URL,IP Address where the Anti-EDR was downloaded
4c0d755f42902559d16b73ccc4511897f7bbce94,SHA-1 Hash,RansomHub Ransomware Binaries
189c638388acd0189fe164cf81e455e41d9629d6,SHA-1 Hash,RansomHub Ransomware Binaries
de1241a592760cc1d850be8f41beebcd460b66ec,SHA-1 Hash,RansomHub Ransomware Binaries
8de2d38d33294586b4758599fdf65f1a265e013b,SHA-1 Hash,RansomHub Ransomware Binaries
5f2c7da181a0ef32df5b9c8a10ea5b3135489021,SHA-1 Hash,RansomHub Ransomware Binaries
e38082ae727aeaef4f241a1920150fdf6f149106,SHA-1 Hash,NetScan Binary
e187d58f59e0444f7ef9ddefec88d2b11b96e734,SHA-1 Hash,Rclone binary
http[:]//188.34.188[.]7/555,URL,Known URLs and Emails Related to Malicious Activity (2023-2024)
http[:]//188.34.188[.]7/555/,URL,Known URLs and Emails Related to Malicious Activity (2023-2024)
http[:]//188.34.188[.]7/555/amba16.ico,URL,Known URLs and Emails Related to Malicious Activity (2023-2024)
http[:]//188.34.188[.]7/555/bcrypt.dll,URL,Known URLs and Emails Related to Malicious Activity (2023-2024)
http[:]//188.34.188[.]7/555/CRYPTSP.dll,URL,Known URLs and Emails Related to Malicious Activity (2023-2024)
http[:]//188.34.188[.]7/555/en,URL,Known URLs and Emails Related to Malicious Activity (2023-2024)
http[:]//188.34.188[.]7/555/en-US,URL,Known URLs and Emails Related to Malicious Activity (2023-2024)
http[:]//188.34.188[.]7/555/NEWOFFICIALPROGRAMCAUSEOFNEWUPDATE.exe,URL,Known URLs and Emails Related to Malicious Activity (2023-2024)
http[:]//188.34.188[.]7/555/NEWOFFICIALPROGRAMCAUSEOFNEWUPDATE.exe.Config,URL,Known URLs and Emails Related to Malicious Activity (2023-2024)
http[:]//188.34.188[.]7/555/NEWOFFICIALPROGRAMCAUSEOFNEWUPDATE.INI,URL,Known URLs and Emails Related to Malicious Activity (2023-2024)
http[:]//89.23.96[.]203/,URL,Known URLs and Emails Related to Malicious Activity (2023-2024)
http[:]//89.23.96[.]203/333,URL,Known URLs and Emails Related to Malicious Activity (2023-2024)
http[:]//89.23.96[.]203/333/,URL,Known URLs and Emails Related to Malicious Activity (2023-2024)
http[:]//89.23.96[.]203/333/1.exe,URL,Known URLs and Emails Related to Malicious Activity (2023-2024)
http[:]//89.23.96[.]203/333/1.exe.Config,URL,Known URLs and Emails Related to Malicious Activity (2023-2024)
http[:]//89.23.96[.]203/333/10.exe,URL,Known URLs and Emails Related to Malicious Activity (2023-2024)
http[:]//89.23.96[.]203/333/12.exe,URL,Known URLs and Emails Related to Malicious Activity (2023-2024)
http[:]//89.23.96[.]203/333/12.exe.Config,URL,Known URLs and Emails Related to Malicious Activity (2023-2024)
http[:]//89.23.96[.]203/333/2.exe,URL,Known URLs and Emails Related to Malicious Activity (2023-2024)
http[:]//89.23.96[.]203/333/2.exe.Config,URL,Known URLs and Emails Related to Malicious Activity (2023-2024)
http[:]//89.23.96[.]203/333/2wrRR6sW6XJtsXyPzuhWhDG7qwN4es.exe,URL,Known URLs and Emails Related to Malicious Activity (2023-2024)
http[:]//89.23.96[.]203/333/2wrRR6sW6XJtsXyPzuhWhDG7qwN4es.exe.Config,URL,Known URLs and Emails Related to Malicious Activity (2023-2024)
http[:]//89.23.96[.]203/333/3.exe,URL,Known URLs and Emails Related to Malicious Activity (2023-2024)
http[:]//89.23.96[.]203/333/3.exe.Config,URL,Known URLs and Emails Related to Malicious Activity (2023-2024)
http[:]//89.23.96[.]203/333/4.exe,URL,Known URLs and Emails Related to Malicious Activity (2023-2024)
http[:]//89.23.96[.]203/333/4.exe.Config,URL,Known URLs and Emails Related to Malicious Activity (2023-2024)
http[:]//89.23.96[.]203/333/5.exe,URL,Known URLs and Emails Related to Malicious Activity (2023-2024)
http[:]//89.23.96[.]203/333/5.exe.Config,URL,Known URLs and Emails Related to Malicious Activity (2023-2024)
http[:]//89.23.96[.]203/333/6.exe,URL,Known URLs and Emails Related to Malicious Activity (2023-2024)
http[:]//89.23.96[.]203/333/7.exe,URL,Known URLs and Emails Related to Malicious Activity (2023-2024)
http[:]//89.23.96[.]203/333/8.exe,URL,Known URLs and Emails Related to Malicious Activity (2023-2024)
http[:]//89.23.96[.]203/333/9.exe,URL,Known URLs and Emails Related to Malicious Activity (2023-2024)
http[:]//89.23.96[.]203/333/92.exe,URL,Known URLs and Emails Related to Malicious Activity (2023-2024)
http[:]//89.23.96[.]203/333/AmbaPDF.ico,URL,Known URLs and Emails Related to Malicious Activity (2023-2024)
http[:]//89.23.96[.]203/333/ambapdf.ico.DLL,URL,Known URLs and Emails Related to Malicious Activity (2023-2024)
http[:]//89.23.96[.]203/333/bcrypt.dll,URL,Known URLs and Emails Related to Malicious Activity (2023-2024)
http[:]//89.23.96[.]203/333/Cabinet.dll,URL,Known URLs and Emails Related to Malicious Activity (2023-2024)
http[:]//89.23.96[.]203/333/CRYPTBASE.DLL,URL,Known URLs and Emails Related to Malicious Activity (2023-2024)
http[:]//89.23.96[.]203/333/cryptnet.dll,URL,Known URLs and Emails Related to Malicious Activity (2023-2024)
http[:]//89.23.96[.]203/333/CRYPTSP.dll,URL,Known URLs and Emails Related to Malicious Activity (2023-2024)
http[:]//89.23.96[.]203/333/cv4TCGxUjvS.exe,URL,Known URLs and Emails Related to Malicious Activity (2023-2024)
http[:]//89.23.96[.]203/333/DPAPI.DLL,URL,Known URLs and Emails Related to Malicious Activity (2023-2024)
http[:]//89.23.96[.]203/333/en,URL,Known URLs and Emails Related to Malicious Activity (2023-2024)
http[:]//89.23.96[.]203/333/en/d%E5%AD%97%E5%AD%97.resources.dll,URL,Known URLs and Emails Related to Malicious Activity (2023-2024)
http[:]//89.23.96[.]203/333/en/d%E5%AD%97%E5%AD%97.resources.exe,URL,Known URLs and Emails Related to Malicious Activity (2023-2024)
http[:]//89.23.96[.]203/333/en/d%E5%AD%97%E5%AD%97.resources/d%E5%AD%97%E5%AD%97.resources.dll,URL,Known URLs and Emails Related to Malicious Activity (2023-2024)
http[:]//89.23.96[.]203/333/en/d%E5%AD%97%E5%AD%97.resources/d%E5%AD%97%E5%AD%97.resources.exe,URL,Known URLs and Emails Related to Malicious Activity (2023-2024)
http[:]//89.23.96[.]203/333/en-US,URL,Known URLs and Emails Related to Malicious Activity (2023-2024)
http[:]//89.23.96[.]203/333/en-US/d%E5%AD%97%E5%AD%97.resources.dll,URL,Known URLs and Emails Related to Malicious Activity (2023-2024)
http[:]//89.23.96[.]203/333/en-US/d%E5%AD%97%E5%AD%97.resources.exe,URL,Known URLs and Emails Related to Malicious Activity (2023-2024)
http[:]//89.23.96[.]203/333/en-US/d%E5%AD%97%E5%AD%97.resources/d%E5%AD%97%E5%AD%97.resources.dll,URL,Known URLs and Emails Related to Malicious Activity (2023-2024)
http[:]//89.23.96[.]203/333/en-US/d%E5%AD%97%E5%AD%97.resources/d%E5%AD%97%E5%AD%97.resources.exe,URL,Known URLs and Emails Related to Malicious Activity (2023-2024)
http[:]//89.23.96[.]203/333/iertutil.dll,URL,Known URLs and Emails Related to Malicious Activity (2023-2024)
http[:]//89.23.96[.]203/333/information.exe,URL,Known URLs and Emails Related to Malicious Activity (2023-2024)
http[:]//89.23.96[.]203/333/information.exe.Config,URL,Known URLs and Emails Related to Malicious Activity (2023-2024)
http[:]//89.23.96[.]203/333/information.INI,URL,Known URLs and Emails Related to Malicious Activity (2023-2024)
http[:]//89.23.96[.]203/333/IPHLPAPI.DLL,URL,Known URLs and Emails Related to Malicious Activity (2023-2024)
http[:]//89.23.96[.]203/333/mshtml.dll,URL,Known URLs and Emails Related to Malicious Activity (2023-2024)
http[:]//89.23.96[.]203/333/msi.dll,URL,Known URLs and Emails Related to Malicious Activity (2023-2024)
http[:]//89.23.96[.]203/333/SspiCli.dll,URL,Known URLs and Emails Related to Malicious Activity (2023-2024)
http[:]//89.23.96[.]203/333/TmsLA6kdcU8jxKzpMvbUVweTeF5YcR.exe,URL,Known URLs and Emails Related to Malicious Activity (2023-2024)
http[:]//89.23.96[.]203/333/TmsLA6kdcU8jxKzpMvbUVweTeF5YcR.exe.Config,URL,Known URLs and Emails Related to Malicious Activity (2023-2024)
http[:]//89.23.96[.]203/333/2wrRR6sW6XJtsXyPzuhWhDG7qwN4es.exe,URL,Known URLs and Emails Related to Malicious Activity (2023-2024)
http[:]//89.23.96[.]203/333/xwenxub285p83ecrzvft.exe,URL,Known URLs and Emails Related to Malicious Activity (2023-2024)
http[:]//89.23.96[.]203/333/cv4TCGxUjvS.exe,URL,Known URLs and Emails Related to Malicious Activity (2023-2024)
http[:]//89.23.96[.]203/333/urlmon.dll,URL,Known URLs and Emails Related to Malicious Activity (2023-2024)
http[:]//89.23.96[.]203/333/USERENV.dll,URL,Known URLs and Emails Related to Malicious Activity (2023-2024)
http[:]//89.23.96[.]203/333/webio.dll,URL,Known URLs and Emails Related to Malicious Activity (2023-2024)
http[:]//89.23.96[.]203/333/winhttp.dll,URL,Known URLs and Emails Related to Malicious Activity (2023-2024)
http[:]//89.23.96[.]203/333/WININET.dll,URL,Known URLs and Emails Related to Malicious Activity (2023-2024)
http[:]//89.23.96[.]203/333/WINMM.dll,URL,Known URLs and Emails Related to Malicious Activity (2023-2024)
http[:]//89.23.96[.]203/333/WINMMBASE.dll,URL,Known URLs and Emails Related to Malicious Activity (2023-2024)
http[:]//89.23.96[.]203/333/winnlsres.dll,URL,Known URLs and Emails Related to Malicious Activity (2023-2024)
http[:]//89.23.96[.]203/333/xwenxub285p83ecrzvft.exe,URL,Known URLs and Emails Related to Malicious Activity (2023-2024)
http[:]//89.23.96[.]203/333/xwenxub285p83ecrzvft.exe.Config,URL,Known URLs and Emails Related to Malicious Activity (2023-2024)
http[:]//temp.sh/KnCqD/superloop.exe,URL,Known URLs and Emails Related to Malicious Activity (2023-2024)
https[:]//grabify.link/Y33YXP,URL,Known URLs and Emails Related to Malicious Activity (2023-2024)
https[:]//i.ibb.co/2KBydfw/112882618.png,URL,Known URLs and Emails Related to Malicious Activity (2023-2024)
https[:]//i.ibb.co/4g6jH2J/2773036704.png,URL,Known URLs and Emails Related to Malicious Activity (2023-2024)
https[:]//i.ibb.co/b1bZBpg/2615174623.png,URL,Known URLs and Emails Related to Malicious Activity (2023-2024)
https[:]//i.ibb.co/Fxhyq6t/2077411869.png,URL,Known URLs and Emails Related to Malicious Activity (2023-2024)
https[:]//i.ibb.co/HK0jV1G/534475006.png,URL,Known URLs and Emails Related to Malicious Activity (2023-2024)
https[:]//i.ibb.co/nbMNnW4/2501108160.png,URL,Known URLs and Emails Related to Malicious Activity (2023-2024)
https[:]//i.ibb.co/p1RCtpy/2681232755.png,URL,Known URLs and Emails Related to Malicious Activity (2023-2024)
https[:]//i.ibb.co/SxQLwYm/1038436121.png,URL,Known URLs and Emails Related to Malicious Activity (2023-2024)
https[:]//i.ibb.co/v1bn9ZK/369210627.png,URL,Known URLs and Emails Related to Malicious Activity (2023-2024)
https[:]//i.ibb.co/V3Kj1c2/1154761258.png,URL,Known URLs and Emails Related to Malicious Activity (2023-2024)
https[:]//i.ibb.co/X2FR8Kz/2113791011.png,URL,Known URLs and Emails Related to Malicious Activity (2023-2024)
https[:]//i.ibb.com:443/V3Kj1c2/1154761258.png,URL,Known URLs and Emails Related to Malicious Activity (2023-2024)
https[:]//12301230[.]co/npm/module.tripadvisor/module.tripadvisor.css,URL,Known URLs and Emails Related to Malicious Activity (2023-2024)
https[:]//12301230[.]co/npm/module.external/jquery.min.js,URL,Known URLs and Emails Related to Malicious Activity (2023-2024)
https[:]//12301230[.]co/npm/module.external/moment.min.js,URL,Known URLs and Emails Related to Malicious Activity (2023-2024)
https[:]//12301230[.]co/npm/module.external/client.min.js,URL,Known URLs and Emails Related to Malicious Activity (2023-2024)
https[:]//12301230[.]co/npm/module.tripadvisor/module.tripadvisor.js,URL,Known URLs and Emails Related to Malicious Activity (2023-2024)
https[:]//samuelelena[.]co/npm/module.tripadvisor/module.tripadvisor.js,URL,Known URLs and Emails Related to Malicious Activity (2023-2024)
https[:]//samuelelena[.]co/npm/module.external/jquery.min.js,URL,Known URLs and Emails Related to Malicious Activity (2023-2024)
https[:]//samuelelena[.]co/npm/module.external/moment.min.js,URL,Known URLs and Emails Related to Malicious Activity (2023-2024)
https[:]//samuelelena[.]co/npm/module.external/client.min.js,URL,Known URLs and Emails Related to Malicious Activity (2023-2024)
https[:]//samuelelena[.]co/,URL,Known URLs and Emails Related to Malicious Activity (2023-2024)
http[:]//samuelelena[.]co/,URL,Known URLs and Emails Related to Malicious Activity (2023-2024)
https[:]//samuelelena[.]co/npm,URL,Known URLs and Emails Related to Malicious Activity (2023-2024)
https[:]//samuelelena[.]co/npm/module.tripadvisor/module.tripadvisor.js,URL,Known URLs and Emails Related to Malicious Activity (2023-2024)
http[:]//samuelelena[.]co/npm/,URL,Known URLs and Emails Related to Malicious Activity (2023-2024)
http[:]//samuelelena[.]co/npm/module.tripadvisor/module.tripadvisor.js,URL,Known URLs and Emails Related to Malicious Activity (2023-2024)
http[:]//samuelelena[.]co/npm/module.external/client.min.js,URL,Known URLs and Emails Related to Malicious Activity (2023-2024)
https[:]//samuelelena[.]co/npm/module.tripadvisor/module.tripadvisor.,URL,Known URLs and Emails Related to Malicious Activity (2023-2024)
https[:]//samuelelena[.]co/npm/module.external/jquery.min.js,URL,Known URLs and Emails Related to Malicious Activity (2023-2024)
https[:]//samuelelena[.]co/npm/module.external,URL,Known URLs and Emails Related to Malicious Activity (2023-2024)
https[:]//samuelelena[.]co/np,URL,Known URLs and Emails Related to Malicious Activity (2023-2024)
https[:]/samuelelena[.]co/npm/module.tripadvisor/module.tripadvisor.js,URL,Known URLs and Emails Related to Malicious Activity (2023-2024)
https[:]//samuelelena[.]co/npm/module[.]tripadvisor/module[.]tripadvisor[.]js,URL,Known URLs and Emails Related to Malicious Activity (2023-2024)
https[:]//samuelelena[.]co/npm/module[.]external/client.min.js,URL,Known URLs and Emails Related to Malicious Activity (2023-2024)
https[:]//samuelelena[.]co/npm/module.external/jquery.min.js&nbsp;,URL,Known URLs and Emails Related to Malicious Activity (2023-2024)
http[:]//samuelelena[.]co:443/,URL,Known URLs and Emails Related to Malicious Activity (2023-2024)
http[:]//samuelelena[.]co/npm/module.external/jquery.min.js,URL,Known URLs and Emails Related to Malicious Activity (2023-2024)
https[:]//40031[.]co/npm/module.tripadvisor/module.tripadvisor.css,URL,Known URLs and Emails Related to Malicious Activity (2023-2024)
https[:]//40031[.]co/npm/module.external/jquery.min.js,URL,Known URLs and Emails Related to Malicious Activity (2023-2024)
https[:]//40031[.]co/npm/module.external/moment.min.js,URL,Known URLs and Emails Related to Malicious Activity (2023-2024)
https[:]//40031[.]co/npm/module.external/client.min.js,URL,Known URLs and Emails Related to Malicious Activity (2023-2024)
https[:]//40031[.]co/npm/module.tripadvisor/module.tripadvisor.js,URL,Known URLs and Emails Related to Malicious Activity (2023-2024)
